{
  "skills": [
    { "skillId": "s001", "name": "JavaScript", "type": "Technical", "competencyId": "c001", "criticality": "High", "definition": "A high-level, interpreted programming language." },
    { "skillId": "s002", "name": "React.js", "type": "Technical", "competencyId": "c001", "criticality": "High", "definition": "A JavaScript library for building user interfaces." },
    { "skillId": "s003", "name": "Project Management", "type": "Business", "competencyId": "c002", "criticality": "Medium", "definition": "The practice of initiating, planning, executing, controlling, and closing the work of a team to achieve specific goals." },
    { "skillId": "s004", "name": "Calculus", "type": "Academic", "competencyId": "c003", "criticality": "Medium", "definition": "The mathematical study of continuous change." },
    { "skillId": "s005", "name": "Basic Algebra", "type": "Academic", "competencyId": "c003", "criticality": "High", "definition": "A branch of mathematics that substitutes letters for numbers." },
    { "skillId": "s006", "name": "Python Programming", "type": "Technical", "competencyId": "c004", "criticality": "High", "definition": "A general-purpose programming language." },
    { "skillId": "s007", "name": "Machine Learning", "type": "Technical", "competencyId": "c004", "criticality": "High", "definition": "The study of computer algorithms that can improve automatically through experience." },
    { "skillId": "s008", "name": "Angular.js", "type": "Technical", "competencyId": "c001", "criticality": "High", "definition": "A JavaScript-based open-source front-end web framework." },
    { "skillId": "s009", "name": "Natural Language Processing", "type": "Technical", "competencyId": "c004", "criticality": "High", "definition": "A subfield of linguistics, computer science, and artificial intelligence." },
    { "skillId": "s010", "name": "Artificial Intelligence", "type": "Technical", "competencyId": "c004", "criticality": "High", "definition": "The theory and development of computer systems able to perform tasks that normally require human intelligence." },
    { "skillId": "s011", "name": "Data Visualization", "type": "Technical", "competencyId": "c005", "criticality": "High", "definition": "The graphic representation of data." },
    { "skillId": "s013", "name": "Strategic Thinking", "type": "Business", "competencyId": "c002", "criticality": "High", "definition": "A process that defines the manner in which people think about, assess, view, and create the future for themselves and others." },
    { "skillId": "s014", "name": "Quantum Computing", "type": "Technical", "competencyId": "c007", "criticality": "Low", "definition": "A type of computation that harnesses the collective properties of quantum states." },
    { "skillId": "s015", "name": "Java Programming", "type": "Technical", "competencyId": "c004", "criticality": "High", "definition": "A high-level, class-based, object-oriented programming language." },
    { "skillId": "s016", "name": "Blockchain", "type": "Technical", "competencyId": "c007", "criticality": "Medium", "definition": "A system of recording information in a way that makes it difficult or impossible to change, hack, or cheat the system." },
    { "skillId": "s017", "name": "Cybersecurity", "type": "Technical", "competencyId": "c007", "criticality": "High", "definition": "The practice of defending computers, servers, mobile devices, electronic systems, networks, and data from malicious attacks." },
    { "skillId": "s018", "name": "Agile Methodologies", "type": "Business", "competencyId": "c002", "criticality": "High", "definition": "A type of project management process, mainly used for software development, where demands and solutions evolve through the collaborative effort of self-organizing and cross-functional teams and their customer(s)/end user(s)." },
    { "skillId": "s019", "name": "Social Media Marketing", "type": "Marketing", "competencyId": "c008", "criticality": "Medium", "definition": "The use of social media platforms and websites to promote a product or service." },
    { "skillId": "s020", "name": "Go", "type": "Technical", "competencyId": "c004", "criticality": "Medium", "definition": "A statically typed, compiled programming language designed at Google." },
    { "skillId": "s021", "name": "Rapid Prototyping", "type": "Technical", "competencyId": "c009", "criticality": "Medium", "definition": "A group of techniques used to quickly fabricate a scale model of a physical part or assembly using three-dimensional computer aided design (CAD) data." }
  ],
  "competencies": [
    { "competencyId": "c001", "name": "Frontend Development", "capability": "Technical" },
    { "competencyId": "c002", "name": "Business Acumen", "capability": "Business" },
    { "competencyId": "c003", "name": "Mathematics", "capability": "Academic" },
    { "competencyId": "c004", "name": "Backend Development", "capability": "Technical" },
    { "competencyId": "c005", "name": "Data Analysis", "capability": "Technical" },
    { "competencyId": "c007", "name": "Emerging Technologies", "capability": "Technical" },
    { "competencyId": "c008", "name": "Digital Marketing", "capability": "Marketing" },
    { "competencyId": "c009", "name": "Product Development", "capability": "Technical" }
  ],
  "roles": [
    { "roleId": "r001", "name": "Senior Frontend Engineer", "jobFamilyId": "jf001", "requiredSkills": [{ "skillId": "s001" }, { "skillId": "s002" }] },
    { "roleId": "r002", "name": "Project Manager", "jobFamilyId": "jf002", "requiredSkills": [{ "skillId": "s003" }] },
    { "roleId": "r003", "name": "Data Analyst", "jobFamilyId": "jf003", "requiredSkills": [{ "skillId": "s011" }] },
    { "roleId": "r004", "name": "Product Manager", "jobFamilyId": "jf002", "requiredSkills": [{ "skillId": "s013" }] },
    { "roleId": "r005", "name": "Research Scientist", "jobFamilyId": "jf003", "requiredSkills": [{ "skillId": "s014" }] },
    { "roleId": "r006", "name": "Data Scientist", "jobFamilyId": "jf003", "requiredSkills": [{ "skillId": "s007" }] },
    { "roleId": "r007", "name": "Engineering Manager", "jobFamilyId": "jf002", "requiredSkills": [] },
    { "roleId": "r008", "name": "UX Designer", "jobFamilyId": "jf004", "requiredSkills": [] },
    { "roleId": "r009", "name": "Marketing Intern", "jobFamilyId": "jf005", "requiredSkills": [] },
    { "roleId": "r010", "name": "Senior Developer", "jobFamilyId": "jf001", "requiredSkills": [] },
    { "roleId": "r011", "name": "VP of Marketing", "jobFamilyId": "jf005", "requiredSkills": [] }
  ],
  "persons": [
    { "personId": "p001", "name": "Jane Doe", "currentRoleId": "r006", "skills": [{ "skillId": "s001", "proficiencyLevel": 4 }, { "skillId": "s002", "proficiencyLevel": 4 }, { "skillId": "s007", "proficiencyLevel": 4 }] },
    { "personId": "p002", "name": "John Smith", "currentRoleId": "r002", "skills": [{ "skillId": "s003", "proficiencyLevel": 5 }, { "skillId": "s006", "proficiencyLevel": 3 }] },
    { "personId": "p003", "name": "Susan Jones", "currentRoleId": "r001", "skills": [{ "skillId": "s017", "proficiencyLevel": 5 }] },
    { "personId": "p004", "name": "Mark Johnson", "currentRoleId": "r009", "skills": [] },
    { "personId": "p005", "name": "David Lee", "currentRoleId": "r004", "skills": [] },
    { "personId": "p006", "name": "Sarah Chen", "currentRoleId": "r002", "skills": [] }
  ],
  "contents": [
    { "contentId": "c001", "title": "Advanced React Course", "type": "Course", "developsSkills": ["s002"] },
    { "contentId": "c002", "title": "PMP Certification Guide", "type": "Book", "developsSkills": ["s003"] },
    { "contentId": "c003", "title": "Mastering Data Visualization in Tableau", "type": "Course", "developsSkills": ["s011"] },
    { "contentId": "c004", "title": "Intro to Machine Learning with Scikit-Learn", "type": "Lab", "developsSkills": ["s007"] },
    { "contentId": "c005", "title": "AWS Certified Solutions Architect - Associate", "type": "Certification", "developsSkills": [] },
    { "contentId": "c006", "title": "HackerRank Java (Basic) Certificate", "type": "Assessment", "developsSkills": ["s015"] },
    { "contentId": "c007", "title": "The Basics of Blockchain", "type": "Article", "developsSkills": ["s016"] },
    { "contentId": "c008", "title": "PMP Certification Exam", "type": "Assessment", "developsSkills": ["s003"] }
  ],
  "projects": [
    { "projectId": "proj001", "name": "Website Redesign", "stage": "In Progress", "requiredSkills": ["s001", "s002"], "contributors": ["p001"], "linkedRoles": ["r001"] },
    { "projectId": "proj002", "name": "Customer Churn Prediction Model", "stage": "Planning", "requiredSkills": ["s007"], "contributors": ["p001"], "linkedRoles": ["r006"] },
    { "projectId": "proj003", "name": "Phoenix", "stage": "Active", "requiredSkills": ["s018"], "contributors": [], "linkedRoles": [] },
    { "projectId": "proj004", "name": "Apollo", "stage": "Completed", "requiredSkills": [], "contributors": [], "linkedRoles": ["r002"] },
    { "projectId": "proj005", "name": "Internal Hackathon", "stage": "Active", "requiredSkills": [], "contributors": [], "linkedRoles": [] },
    { "projectId": "proj006", "name": "Q3 Marketing Campaign", "stage": "Planning", "requiredSkills": [], "contributors": [], "linkedRoles": ["r011"] },
    { "projectId": "proj007", "name": "ERP Implementation", "stage": "In Progress", "requiredSkills": [], "contributors": [], "linkedRoles": [] }
  ],
  "jobFamilies": [
      { "jobFamilyId": "jf001", "name": "Software Engineering" },
      { "jobFamilyId": "jf002", "name": "Management" },
      { "jobFamilyId": "jf003", "name": "Data & AI" },
      { "jobFamilyId": "jf004", "name": "Design" },
      { "jobFamilyId": "jf005", "name": "Marketing" }
  ],
  "relationships": [
    { "from": "s005", "to": "s004", "relationshipType": "isPrerequisiteFor" },
    { "from": "s006", "to": "s007", "relationshipType": "isComplementaryTo" },
    { "from": "s002", "to": "s008", "relationshipType": "isAlternativeTo" },
    { "from": "s009", "to": "s010", "relationshipType": "isSpecializationOf" },
    { "from": "s010", "to": "s007", "relationshipType": "isGeneralizationOf" },
    { "from": "s011", "to": "r003", "relationshipType": "isEssentialFor" },
    { "from": "s006", "to": "r006", "relationshipType": "requiredBy" },
    { "from": "s013", "to": "r004", "relationshipType": "isDistinguishingFor" },
    { "from": "s014", "to": "r005", "relationshipType": "isEmergingFor" },
    { "from": "s011", "to": "c003", "relationshipType": "isTaughtBy" },
    { "from": "s007", "to": "c004", "relationshipType": "isPracticedIn" },
    { "from": "s017", "to": "c005", "relationshipType": "developedBy" },
    { "from": "s016", "to": "c007", "relationshipType": "isIntroducedIn" },
    { "from": "s007", "to": "p001", "relationshipType": "possessedBy" },
    { "from": "p002", "to": "s006", "relationshipType": "isLearning" },
    { "from": "p003", "to": "s017", "relationshipType": "isExpertIn" },
    { "from": "s007", "to": "proj002", "relationshipType": "requiredFor" },
    { "from": "s018", "to": "proj003", "relationshipType": "isAppliedIn" },
    { "from": "r003", "to": "r006", "relationshipType": "isCareerPathTo" },
    { "from": "r006", "to": "r002", "relationshipType": "collaboratesWith" },
    { "from": "r001", "to": "r007", "relationshipType": "reportsTo" },
    { "from": "r004", "to": "r008", "relationshipType": "isPeerOf" },
    { "from": "r006", "to": "s007", "relationshipType": "requires" },
    { "from": "r009", "to": "s019", "relationshipType": "develops" },
    { "from": "r006", "to": "proj002", "relationshipType": "participatesIn" },
    { "from": "r002", "to": "proj004", "relationshipType": "leads" },
    { "from": "r006", "to": "p001", "relationshipType": "heldBy" },
    { "from": "p004", "to": "r010", "relationshipType": "isAspirantFor" },
    { "from": "c005", "to": "s017", "relationshipType": "develops" },
    { "from": "c008", "to": "s003", "relationshipType": "assesses" },
    { "from": "p001", "to": "s007", "relationshipType": "hasSkill" },
    { "from": "p004", "to": "s020", "relationshipType": "wantsToLearn" },
    { "from": "p001", "to": "proj002", "relationshipType": "contributesTo" },
    { "from": "p005", "to": "proj001", "relationshipType": "isOwnerOf" },
    { "from": "p001", "to": "r006", "relationshipType": "holdsRole" },
    { "from": "r001", "to": "r010", "relationshipType": "isMenteeOf" },
    { "from": "proj002", "to": "s007", "relationshipType": "requires" },
    { "from": "proj005", "to": "s021", "relationshipType": "develops" },
    { "from": "proj002", "to": "r006", "relationshipType": "involves" },
    { "from": "proj006", "to": "r011", "relationshipType": "isSponsoredBy" },
    { "from": "proj002", "to": "p001", "relationshipType": "hasContributor" },
    { "from": "proj007", "to": "p006", "relationshipType": "isManagedBy" }
  ]
}
