[
    { "id": "jl1", "level_name": "Cadet Pilot", "level_number": "IC01", "salary_range": "$60k-$80k", "bonus_potential": "5%", "key_responsibilities": "Training and basic flight duties", "role_group_id": "rg1" },
    { "id": "jl2", "level_name": "Junior First Officer", "level_number": "IC02", "salary_range": "$80k-$100k", "bonus_potential": "8%", "key_responsibilities": "Assists Captain, operates secondary controls", "role_group_id": "rg1" },
    { "id": "jl3", "level_name": "First Officer", "level_number": "IC03", "salary_range": "$100k-$130k", "bonus_potential": "10%", "key_responsibilities": "Co-pilots aircraft, manages flight plan", "role_group_id": "rg1" },
    { "id": "jl4", "level_name": "Senior First Officer", "level_number": "IC04", "salary_range": "$130k-$160k", "bonus_potential": "12%", "key_responsibilities": "Mentors junior officers, handles complex routes", "role_group_id": "rg1" },
    { "id": "jl5", "level_name": "Junior Captain", "level_number": "IC05", "salary_range": "$160k-$200k", "bonus_potential": "15%", "key_responsibilities": "Commands smaller aircraft, supervises crew", "role_group_id": "rg1" },
    { "id": "jl6", "level_name": "Captain", "level_number": "IC06", "salary_range": "$200k-$250k", "bonus_potential": "18%", "key_responsibilities": "Commands wide-body aircraft, full responsibility", "role_group_id": "rg1" },
    { "id": "jl7", "level_name": "Senior Captain", "level_number": "IC07", "salary_range": "$250k-$300k", "bonus_potential": "20%", "key_responsibilities": "Manages international routes, oversees flight standards", "role_group_id": "rg1" },
    { "id": "jl8", "level_name": "Fleet Captain", "level_number": "IC08", "salary_range": "$300k-$350k", "bonus_potential": "22%", "key_responsibilities": "Manages a specific aircraft fleet, pilot training", "role_group_id": "rg1" },
    { "id": "jl9", "level_name": "Chief Pilot", "level_number": "IC09", "salary_range": "$350k-$400k", "bonus_potential": "25%", "key_responsibilities": "Oversees all pilots, sets operational policy", "role_group_id": "rg1" },
    { "id": "jl10", "level_name": "Director of Flight Operations", "level_number": "E01", "salary_range": "$400k+", "bonus_potential": "30%", "key_responsibilities": "Strategic head of all flight operations", "role_group_id": "rg1" },
    { "id": "jl10m", "level_name": "Flight Operations Manager", "level_number": "M1", "salary_range": "$200k-$250k", "bonus_potential": "15%", "key_responsibilities": "Manages daily flight operations", "role_group_id": "rg1" },
    { "id": "jl10s", "level_name": "Flight Ops Support Specialist", "level_number": "S01", "salary_range": "$50k-$70k", "bonus_potential": "5%", "key_responsibilities": "Provides administrative support to flight operations", "role_group_id": "rg1" },

    { "id": "jl11", "level_name": "Trainee Flight Attendant", "level_number": "IC01", "salary_range": "$35k-$45k", "bonus_potential": "3%", "key_responsibilities": "Completes initial safety and service training", "role_group_id": "rg2" },
    { "id": "jl12", "level_name": "Flight Attendant", "level_number": "IC02", "salary_range": "$45k-$60k", "bonus_potential": "5%", "key_responsibilities": "Ensures passenger safety and comfort", "role_group_id": "rg2" },
    { "id": "jl13", "level_name": "Senior Flight Attendant", "level_number": "IC03", "salary_range": "$60k-$75k", "bonus_potential": "7%", "key_responsibilities": "Leads a section of the cabin", "role_group_id": "rg2" },
    { "id": "jl14", "level_name": "Cabin Supervisor", "level_number": "M1", "salary_range": "$75k-$90k", "bonus_potential": "10%", "key_responsibilities": "Manages cabin crew on a flight", "role_group_id": "rg2" },
    { "id": "jl15", "level_name": "Purser / In-Flight Manager", "level_number": "M2", "salary_range": "$90k-$110k", "bonus_potential": "12%", "key_responsibilities": "Oversees all in-flight services and crew", "role_group_id": "rg2" },
    { "id": "jl16", "level_name": "Cabin Crew Training Instructor", "level_number": "M3", "salary_range": "$100k-$120k", "bonus_potential": "14%", "key_responsibilities": "Trains new and existing cabin crew", "role_group_id": "rg2" },
    { "id": "jl17", "level_name": "Base Manager", "level_number": "M4", "salary_range": "$120k-$140k", "bonus_potential": "16%", "key_responsibilities": "Manages all cabin crew at a specific airport base", "role_group_id": "rg2" },
    { "id": "jl18", "level_name": "Director of In-Flight Services", "level_number": "E01", "salary_range": "$150k+", "bonus_potential": "20%", "key_responsibilities": "Strategic head of all in-flight services", "role_group_id": "rg2" },
    { "id": "jl18s", "level_name": "In-Flight Services Coordinator", "level_number": "S01", "salary_range": "$40k-$55k", "bonus_potential": "3%", "key_responsibilities": "Supports cabin crew scheduling and logistics", "role_group_id": "rg2" },

    { "id": "jl19", "level_name": "Ramp Agent I", "level_number": "S01", "salary_range": "$30k-$40k", "bonus_potential": "4%", "key_responsibilities": "Handles baggage and cargo loading/unloading", "role_group_id": "rg3" },
    { "id": "jl20", "level_name": "Ramp Agent II", "level_number": "S02", "salary_range": "$40k-$50k", "bonus_potential": "6%", "key_responsibilities": "Operates ground equipment, leads small teams", "role_group_id": "rg3" },
    { "id": "jl21", "level_name": "Ramp Supervisor", "level_number": "S03", "salary_range": "$50k-$65k", "bonus_potential": "8%", "key_responsibilities": "Supervises ramp operations for a shift", "role_group_id": "rg3" },
    { "id": "jl22", "level_name": "Duty Manager - Ground Ops", "level_number": "M1", "salary_range": "$65k-$80k", "bonus_potential": "10%", "key_responsibilities": "Manages all ground operations during a shift", "role_group_id": "rg3" },
    { "id": "jl23", "level_name": "Station Manager", "level_number": "M2", "salary_range": "$80k-$100k", "bonus_potential": "12%", "key_responsibilities": "Oversees all ground operations at an airport", "role_group_id": "rg3" },
    { "id": "jl24", "level_name": "Regional Director of Ground Ops", "level_number": "E01", "salary_range": "$120k+", "bonus_potential": "15%", "key_responsibilities": "Manages ground operations for a region", "role_group_id": "rg3" },
    { "id": "jl24ic", "level_name": "Ground Operations Analyst", "level_number": "IC01", "salary_range": "$50k-$70k", "bonus_potential": "5%", "key_responsibilities": "Analyzes ground operations data for efficiency", "role_group_id": "rg3" },

    { "id": "jl25", "level_name": "Apprentice Mechanic", "level_number": "IC01", "salary_range": "$50k-$60k", "bonus_potential": "3%", "key_responsibilities": "Assists senior mechanics, learns on the job", "role_group_id": "rg4" },
    { "id": "jl26", "level_name": "A&P Mechanic I", "level_number": "IC02", "salary_range": "$60k-$75k", "bonus_potential": "5%", "key_responsibilities": "Performs routine maintenance and inspections", "role_group_id": "rg4" },
    { "id": "jl27", "level_name": "A&P Mechanic II", "level_number": "IC03", "salary_range": "$75k-$90k", "bonus_potential": "7%", "key_responsibilities": "Handles complex repairs and diagnostics", "role_group_id": "rg4" },
    { "id": "jl28", "level_name": "A&P Mechanic III", "level_number": "IC04", "salary_range": "$90k-$110k", "bonus_potential": "9%", "key_responsibilities": "Specializes in specific aircraft systems", "role_group_id": "rg4" },
    { "id": "jl29", "level_name": "Lead Mechanic", "level_number": "IC05", "salary_range": "$110k-$130k", "bonus_potential": "11%", "key_responsibilities": "Leads a team of mechanics on a shift", "role_group_id": "rg4" },
    { "id": "jl30", "level_name": "Maintenance Supervisor", "level_number": "M1", "salary_range": "$130k-$150k", "bonus_potential": "13%", "key_responsibilities": "Supervises all maintenance activities for a line", "role_group_id": "rg4" },
    { "id": "jl31", "level_name": "Maintenance Manager", "level_number": "M2", "salary_range": "$150k-$180k", "bonus_potential": "15%", "key_responsibilities": "Manages a maintenance base", "role_group_id": "rg4" },
    { "id": "jl32", "level_name": "Director of Maintenance", "level_number": "E01", "salary_range": "$200k+", "bonus_potential": "20%", "key_responsibilities": "Strategic head of all MRO activities", "role_group_id": "rg4" },
    { "id": "jl32s", "level_name": "Maintenance Planner", "level_number": "S01", "salary_range": "$60k-$80k", "bonus_potential": "5%", "key_responsibilities": "Schedules and coordinates maintenance tasks", "role_group_id": "rg4" },

    { "id": "jl33", "level_name": "Junior Software Engineer", "level_number": "IC01", "salary_range": "$70k-$90k", "bonus_potential": "5%", "key_responsibilities": "Develops and tests software components", "role_group_id": "rg9" },
    { "id": "jl34", "level_name": "Software Engineer", "level_number": "IC02", "salary_range": "$90k-$120k", "bonus_potential": "8%", "key_responsibilities": "Designs and implements software solutions", "role_group_id": "rg9" },
    { "id": "jl35", "level_name": "Senior Software Engineer", "level_number": "IC03", "salary_range": "$120k-$150k", "bonus_potential": "10%", "key_responsibilities": "Leads development of complex features", "role_group_id": "rg9" },
    { "id": "jl36", "level_name": "Lead Software Engineer", "level_number": "IC04", "salary_range": "$150k-$180k", "bonus_potential": "12%", "key_responsibilities": "Mentors junior engineers, drives technical direction", "role_group_id": "rg9" },
    { "id": "jl37", "level_name": "Engineering Manager", "level_number": "M1", "salary_range": "$160k-$200k", "bonus_potential": "15%", "key_responsibilities": "Manages a team of software engineers", "role_group_id": "rg9" },
    { "id": "jl38", "level_name": "Senior Engineering Manager", "level_number": "M2", "salary_range": "$200k-$250k", "bonus_potential": "18%", "key_responsibilities": "Oversees multiple engineering teams", "role_group_id": "rg9" },
    { "id": "jl39", "level_name": "Director of Engineering", "level_number": "E01", "salary_range": "$250k-$300k", "bonus_potential": "20%", "key_responsibilities": "Sets strategic direction for engineering department", "role_group_id": "rg9" },
    { "id": "jl39s", "level_name": "Software Support Specialist", "level_number": "S01", "salary_range": "$50k-$70k", "bonus_potential": "5%", "key_responsibilities": "Provides technical support for software products", "role_group_id": "rg9" },

    { "id": "jl40", "level_name": "IT Support Specialist I", "level_number": "S01", "salary_range": "$40k-$55k", "bonus_potential": "3%", "key_responsibilities": "Provides basic technical support to users", "role_group_id": "rg8" },
    { "id": "jl41", "level_name": "IT Support Specialist II", "level_number": "S02", "salary_range": "$55k-$70k", "bonus_potential": "5%", "key_responsibilities": "Resolves complex technical issues, trains junior staff", "role_group_id": "rg8" },
    { "id": "jl42", "level_name": "IT Support Lead", "level_number": "S03", "salary_range": "$70k-$85k", "bonus_potential": "7%", "key_responsibilities": "Leads a team of IT support specialists", "role_group_id": "rg8" },
    { "id": "jl43", "level_name": "IT Support Manager", "level_number": "M1", "salary_range": "$85k-$100k", "bonus_potential": "10%", "key_responsibilities": "Manages IT support operations", "role_group_id": "rg8" },
    { "id": "jl43e", "level_name": "Director of IT Support", "level_number": "E01", "salary_range": "$120k-$150k", "bonus_potential": "15%", "key_responsibilities": "Strategic oversight of IT support functions", "role_group_id": "rg8" },
    { "id": "jl43ic", "level_name": "IT Systems Analyst", "level_number": "IC01", "salary_range": "$70k-$90k", "bonus_potential": "8%", "key_responsibilities": "Analyzes and optimizes IT systems", "role_group_id": "rg8" },

    { "id": "jl44", "level_name": "Junior HR Generalist", "level_number": "IC01", "salary_range": "$50k-$65k", "bonus_potential": "4%", "key_responsibilities": "Assists with HR operations and employee relations", "role_group_id": "rg7" },
    { "id": "jl45", "level_name": "HR Generalist", "level_number": "IC02", "salary_range": "$65k-$80k", "bonus_potential": "6%", "key_responsibilities": "Manages HR programs and policies", "role_group_id": "rg7" },
    { "id": "jl46", "level_name": "Senior HR Generalist", "level_number": "IC03", "salary_range": "$80k-$100k", "bonus_potential": "8%", "key_responsibilities": "Specializes in specific HR areas, mentors junior staff", "role_group_id": "rg7" },
    { "id": "jl47", "level_name": "HR Manager", "level_number": "M1", "salary_range": "$100k-$120k", "bonus_potential": "10%", "key_responsibilities": "Leads HR initiatives and manages HR team", "role_group_id": "rg7" },
    { "id": "jl48", "level_name": "Director of HR", "level_number": "E01", "salary_range": "$150k+", "bonus_potential": "15%", "key_responsibilities": "Oversees all HR functions and strategy", "role_group_id": "rg7" },
    { "id": "jl48s", "level_name": "HR Coordinator", "level_number": "S01", "salary_range": "$40k-$55k", "bonus_potential": "3%", "key_responsibilities": "Provides administrative support to HR department", "role_group_id": "rg7" },

    { "id": "jl49", "level_name": "Avionics Technician I", "level_number": "IC01", "salary_range": "$70k-$90k", "bonus_potential": "5%", "key_responsibilities": "Performs basic avionics system checks", "role_group_id": "rg5" },
    { "id": "jl50", "level_name": "Avionics Technician II", "level_number": "IC02", "salary_range": "$90k-$110k", "bonus_potential": "8%", "key_responsibilities": "Diagnoses and repairs complex avionics issues", "role_group_id": "rg5" },
    { "id": "jl51", "level_name": "Lead Avionics Technician", "level_number": "IC03", "salary_range": "$110k-$130k", "bonus_potential": "10%", "key_responsibilities": "Leads a team of technicians, provides expert guidance", "role_group_id": "rg5" },
    { "id": "jl51m", "level_name": "Avionics Maintenance Manager", "level_number": "M1", "salary_range": "$140k-$170k", "bonus_potential": "12%", "key_responsibilities": "Manages avionics maintenance team and operations", "role_group_id": "rg5" },
    { "id": "jl51e", "level_name": "Director of Avionics", "level_number": "E01", "salary_range": "$180k+", "bonus_potential": "18%", "key_responsibilities": "Strategic oversight of avionics department", "role_group_id": "rg5" },
    { "id": "jl51s", "level_name": "Avionics Parts Coordinator", "level_number": "S01", "salary_range": "$45k-$60k", "bonus_potential": "4%", "key_responsibilities": "Manages inventory and procurement of avionics parts", "role_group_id": "rg5" },

    { "id": "jl52", "level_name": "Logistics Coordinator I", "level_number": "IC01", "salary_range": "$50k-$70k", "bonus_potential": "4%", "key_responsibilities": "Coordinates basic logistics operations", "role_group_id": "rg6" },
    { "id": "jl53", "level_name": "Logistics Coordinator II", "level_number": "IC02", "salary_range": "$70k-$90k", "bonus_potential": "6%", "key_responsibilities": "Manages complex supply chain logistics", "role_group_id": "rg6" },
    { "id": "jl54", "level_name": "Senior Logistics Coordinator", "level_number": "IC03", "salary_range": "$90k-$110k", "bonus_potential": "8%", "key_responsibilities": "Optimizes logistics processes, mentors junior staff", "role_group_id": "rg6" },
    { "id": "jl54m", "level_name": "Logistics Manager", "level_number": "M1", "salary_range": "$120k-$150k", "bonus_potential": "10%", "key_responsibilities": "Oversees logistics team and operations", "role_group_id": "rg6" },
    { "id": "jl54e", "level_name": "Director of Logistics", "level_number": "E01", "salary_range": "$160k+", "bonus_potential": "15%", "key_responsibilities": "Strategic leadership of logistics and supply chain", "role_group_id": "rg6" },
    { "id": "jl54s", "level_name": "Logistics Support Assistant", "level_number": "S01", "salary_range": "$35k-$50k", "bonus_potential": "3%", "key_responsibilities": "Provides administrative support to logistics team", "role_group_id": "rg6" }
]
