[
    { "id": "rg1", "group_name": "Pilots", "department_id": "dept1", "grade": "Senior", "compensation_range": "$150k-$250k", "competencies": "Flight planning, aircraft operation" },
    { "id": "rg2", "group_name": "Flight Attendants", "department_id": "dept6", "grade": "Mid-Level", "compensation_range": "$50k-$80k", "competencies": "Passenger safety, customer service" },
    { "id": "rg3", "group_name": "Baggage Handlers", "department_id": "dept2", "grade": "Junior", "compensation_range": "$30k-$50k", "competencies": "Loading and unloading baggage" },
    { "id": "rg4", "group_name": "A&P Mechanics", "department_id": "dept3", "grade": "Senior", "compensation_range": "$80k-$120k", "competencies": "Aircraft inspection, repair, and maintenance" },
    { "id": "rg5", "group_name": "Avionics Technicians", "department_id": "dept4", "grade": "Senior", "compensation_range": "$90k-$130k", "competencies": "Electronic systems diagnosis and repair" },
    { "id": "rg6", "group_name": "Logistics Coordinators", "department_id": "dept5", "grade": "Mid-Level", "compensation_range": "$60k-$90k", "competencies": "Supply chain management, inventory control" },
    { "id": "rg7", "group_name": "Cargo Agents", "department_id": "dept5", "grade": "Junior", "compensation_range": "$40k-$60k", "competencies": "Freight documentation, cargo handling" },
    { "id": "rg8", "group_name": "IT Support", "department_id": "dept9", "grade": "Junior", "compensation_range": "$40k-$100k", "competencies": "Technical support, troubleshooting" },
    { "id": "rg9", "group_name": "Software Development", "department_id": "dept10", "grade": "Senior", "compensation_range": "$70k-$300k", "competencies": "Software design, coding, testing" }
]
